constituency,ons_id,People's Vote (early indication),People's Vote (early indication) alignment,tactical.vote,tactical.vote alignment,DontSplit main,DontSplit main alignment,tacticalvote.co.uk,tacticalvote.co.uk alignment,Essex Against The Tories,Essex Against The Tories alignment
aberavon,W07000049,,,lab,1,lab,1,,,,
aberconwy,W07000058,,,lab,1,,,lab,1,,
aberdeen-north,S14000001,,,,,snp,0,,,,
aberdeen-south,S14000002,,,snp,2,snp,2,snp,2,,
airdrie-and-shotts,S14000003,,,,,,,,,,
aldershot,E14000530,,,lab,0,,,,,,
aldridge-brownhills,E14000531,,,lab,0,,,,,,
altrincham-and-sale-west,E14000532,,,lab,0,,,,,,
alyn-and-deeside,W07000043,,,lab,0,,,,,,
amber-valley,E14000533,,,lab,1,lab,1,,,,
angus,S14000004,,,snp,2,snp,2,snp,2,,
arfon,W07000057,,,,,,,,,,
argyll-and-bute,S14000005,,,snp,1,snp,1,,,,
arundel-and-south-downs,E14000534,,,lab,-1,ld,-1,,,,
ashfield,E14000535,,,lab,1,lab,1,,,,
ashford,E14000536,,,lab,0,,,,,,
ashton-under-lyne,E14000537,,,lab,1,lab,1,,,,
aylesbury,E14000538,,,lab,0,,,,,,
ayr-carrick-and-cumnock,S14000006,,,snp,2,snp,2,snp,2,,
banbury,E14000539,,,lab,0,,,,,,
banff-and-buchan,S14000007,,,snp,2,snp,2,snp,2,,
barking,E14000540,,,lab,0,,,,,,
barnsley-central,E14000541,,,lab,1,lab,1,,,,
barnsley-east,E14000542,,,lab,1,lab,1,,,,
barrow-and-furness,E14000543,,,lab,0,,,,,,
basildon-and-billericay,E14000544,,,lab,1,,,,,lab,1
basingstoke,E14000545,,,lab,0,,,,,,
bassetlaw,E14000546,,,lab,1,lab,1,,,,
bath,E14000547,,,ld,2,ld,2,ld,2,,
batley-and-spen,E14000548,,,lab,1,lab,1,,,,
battersea,E14000549,,,lab,1,,,lab,1,,
beaconsfield,E14000550,,,lab,-1,ld,-1,,,,
beckenham,E14000551,,,lab,-1,ld,-1,,,,
bedford,E14000552,,,lab,1,,,lab,1,,
belfast-east,N06000001,,,alliance,2,alliance,2,alliance,2,,
belfast-north,N06000002,,,other,0,,,,,,
belfast-south,N06000003,,,sdlp,1,,,sdlp,1,,
belfast-west,N06000004,,,other,0,,,,,,
bermondsey-and-old-southwark,E14000553,,,,,,,,,,
berwickshire-roxburgh-and-selkirk,S14000008,,,snp,1,snp,1,,,,
berwick-upon-tweed,E14000554,,,lab,0,,,,,,
bethnal-green-and-bow,E14000555,,,lab,0,,,,,,
beverley-and-holderness,E14000556,,,lab,0,,,,,,
bexhill-and-battle,E14000557,,,lab,0,,,,,,
bexleyheath-and-crayford,E14000558,,,lab,1,lab,1,,,,
birkenhead,E14000559,,,lab,0,,,,,,
birmingham-edgbaston,E14000560,,,lab,0,,,,,,
birmingham-erdington,E14000561,,,lab,1,lab,1,,,,
birmingham-hall-green,E14000562,,,lab,0,,,,,,
birmingham-hodge-hill,E14000563,,,lab,0,,,,,,
birmingham-ladywood,E14000564,,,lab,0,,,,,,
birmingham-northfield,E14000565,,,lab,1,lab,1,,,,
birmingham-perry-barr,E14000566,,,lab,0,,,,,,
birmingham-selly-oak,E14000567,,,lab,0,,,,,,
birmingham-yardley,E14000568,,,lab,0,,,,,,
bishop-auckland,E14000569,lab,3,lab,3,lab,3,lab,3,,
blackburn,E14000570,,,lab,0,,,,,,
blackley-and-broughton,E14000571,,,lab,0,,,,,,
blackpool-north-and-cleveleys,E14000572,,,lab,1,lab,1,,,,
blackpool-south,E14000573,,,lab,1,lab,1,,,,
blaenau-gwent,W07000072,,,,,lab,0,,,,
blaydon,E14000574,,,lab,0,,,,,,
blyth-valley,E14000575,,,lab,1,lab,1,,,,
bognor-regis-and-littlehampton,E14000576,,,lab,-1,ld,-1,,,,
bolsover,E14000577,,,lab,1,lab,1,,,,
bolton-north-east,E14000578,,,lab,1,lab,1,,,,
bolton-south-east,E14000579,,,lab,0,,,,,,
bolton-west,E14000580,,,lab,1,,,lab,1,,
bootle,E14000581,,,lab,0,,,,,,
boston-and-skegness,E14000582,,,lab,0,,,,,,
bosworth,E14000583,,,lab,0,,,,,,
bournemouth-east,E14000584,,,lab,0,,,,,,
bournemouth-west,E14000585,,,lab,0,,,,,,
bracknell,E14000586,,,lab,0,,,,,,
bradford-east,E14000587,,,lab,0,,,,,,
bradford-south,E14000588,,,lab,1,lab,1,,,,
bradford-west,E14000589,,,lab,0,,,,,,
braintree,E14000590,,,lab,0,,,,,,
brecon-and-radnorshire,W07000068,,,ld,1,,,ld,1,,
brent-central,E14000591,,,lab,0,,,,,,
brentford-and-isleworth,E14000593,,,lab,1,,,lab,1,,
brent-north,E14000592,,,lab,0,,,,,,
brentwood-and-ongar,E14000594,,,lab,-1,,,,,ld,-1
bridgend,W07000073,,,lab,1,lab,1,,,,
bridgwater-and-west-somerset,E14000595,,,lab,0,,,,,,
brigg-and-goole,E14000596,,,lab,0,,,,,,
brighton-kemptown,E14000597,,,lab,1,,,lab,1,,
brighton-pavilion,E14000598,,,,,,,,,,
bristol-east,E14000599,,,lab,0,,,,,,
bristol-north-west,E14000600,,,lab,1,,,lab,1,,
bristol-south,E14000601,,,lab,0,,,,,,
bristol-west,E14000602,,,lab,0,,,,,,
broadland,E14000603,,,lab,0,,,,,,
bromley-and-chislehurst,E14000604,,,lab,0,,,,,,
bromsgrove,E14000605,,,lab,0,,,,,,
broxbourne,E14000606,,,lab,0,,,,,,
broxtowe,E14000607,,,lab,0,,,,,,
buckingham,E14000608,,,,,ld,0,,,,
burnley,E14000609,,,lab,0,,,,,,
burton,E14000610,,,lab,1,lab,1,,,,
bury-north,E14000611,,,lab,2,lab,2,lab,2,,
bury-south,E14000612,,,lab,1,lab,1,,,,
bury-st-edmunds,E14000613,,,lab,0,,,,,,
caerphilly,W07000076,,,lab,0,,,,,,
caithness-sutherland-and-easter-ross,S14000009,,,,,,,,,,
calder-valley,E14000614,,,lab,1,,,lab,1,,
camberwell-and-peckham,E14000615,,,lab,0,,,,,,
camborne-and-redruth,E14000616,,,lab,0,,,,,,
cambridge,E14000617,,,,,,,,,,
cannock-chase,E14000618,,,lab,1,lab,1,,,,
canterbury,E14000619,lab,2,lab,2,,,lab,2,,
cardiff-central,W07000050,,,lab,0,,,,,,
cardiff-north,W07000051,,,lab,1,,,lab,1,,
cardiff-south-and-penarth,W07000080,,,lab,0,,,,,,
cardiff-west,W07000079,,,lab,0,,,,,,
carlisle,E14000620,,,lab,0,,,,,,
carmarthen-east-and-dinefwr,W07000067,,,,,plaid,0,,,,
carmarthen-west-and-south-pembrokeshire,W07000066,,,lab,0,,,,,,
carshalton-and-wallington,E14000621,ld,1,ld,1,,,,,,
castle-point,E14000622,,,lab,1,,,,,lab,1
central-ayrshire,S14000010,,,snp,1,snp,1,,,,
central-devon,E14000623,,,lab,0,,,,,,
central-suffolk-and-north-ipswich,E14000624,,,lab,0,,,,,,
ceredigion,W07000064,,,,,,,,,,
charnwood,E14000625,,,lab,0,,,,,,
chatham-and-aylesford,E14000626,,,lab,1,lab,1,,,,
cheadle,E14000627,ld,3,ld,3,ld,3,ld,3,,
chelmsford,E14000628,,,lab,-2,ld,0,,,ld,0
chelsea-and-fulham,E14000629,,,lab,0,,,,,,
cheltenham,E14000630,,,ld,2,ld,2,ld,2,,
chesham-and-amersham,E14000631,,,lab,-1,ld,-1,,,,
chesterfield,E14000632,,,lab,0,,,,,,
chichester,E14000633,,,lab,-1,ld,-1,,,,
chingford-and-woodford-green,E14000634,lab,2,lab,2,,,lab,2,,
chippenham,E14000635,,,ld,1,ld,1,,,,
chipping-barnet,E14000636,,,lab,1,,,lab,1,,
chorley,E14000637,,,lab,1,lab,1,,,,
christchurch,E14000638,,,lab,0,,,,,,
cities-of-london-and-westminster,E14000639,,,lab,0,,,,,,
city-of-chester,E14000640,,,lab,1,,,lab,1,,
city-of-durham,E14000641,,,lab,0,,,,,,
clacton,E14000642,,,lab,1,,,,,lab,1
cleethorpes,E14000643,,,lab,0,,,,,,
clwyd-south,W07000062,,,lab,1,lab,1,,,,
clwyd-west,W07000059,,,lab,0,,,,,,
coatbridge-chryston-and-bellshill,S14000011,,,,,,,,,,
colchester,E14000644,,,lab,-1,,,,,ld,-1
colne-valley,E14000645,,,lab,1,,,lab,1,,
congleton,E14000646,,,lab,0,,,,,,
copeland,E14000647,,,lab,1,,,lab,1,,
corby,E14000648,lab,2,lab,2,,,lab,2,,
coventry-north-east,E14000649,,,lab,0,,,,,,
coventry-north-west,E14000650,,,lab,1,lab,1,,,,
coventry-south,E14000651,,,lab,0,,,,,,
crawley,E14000652,,,lab,1,lab,1,,,,
crewe-and-nantwich,E14000653,,,lab,2,lab,2,lab,2,,
croydon-central,E14000654,,,lab,1,,,lab,1,,
croydon-north,E14000655,,,lab,0,,,,,,
croydon-south,E14000656,,,lab,0,,,,,,
cumbernauld-kilsyth-and-kirkintilloch-east,S14000012,,,,,,,,,,
cynon-valley,W07000070,,,lab,0,,,,,,
dagenham-and-rainham,E14000657,,,lab,1,lab,1,,,,
darlington,E14000658,,,lab,1,lab,1,,,,
dartford,E14000659,,,lab,0,,,,,,
daventry,E14000660,,,lab,0,,,,,,
delyn,W07000042,,,lab,0,,,,,,
denton-and-reddish,E14000661,,,lab,1,lab,1,,,,
derby-north,E14000662,,,lab,0,,,,,,
derbyshire-dales,E14000664,,,lab,0,,,,,,
derby-south,E14000663,,,lab,0,,,,,,
devizes,E14000665,,,lab,0,,,,,,
dewsbury,E14000666,,,lab,2,lab,2,lab,2,,
doncaster-central,E14000668,,,lab,1,lab,1,,,,
doncaster-north,E14000669,,,lab,1,lab,1,,,,
don-valley,E14000667,,,lab,0,,,,,,
dover,E14000670,,,lab,1,,,lab,1,,
dudley-north,E14000671,,,lab,2,lab,2,lab,2,,
dudley-south,E14000672,,,lab,1,lab,1,,,,
dulwich-and-west-norwood,E14000673,,,lab,0,,,,,,
dumfries-and-galloway,S14000013,,,snp,1,snp,1,,,,
dumfriesshire-clydesdale-and-tweeddale,S14000014,,,snp,2,snp,2,snp,2,,
dundee-east,S14000015,,,snp,0,,,,,,
dundee-west,S14000016,,,,,,,,,,
dunfermline-and-west-fife,S14000017,,,,,,,,,,
dwyfor-meirionnydd,W07000061,,,plaid,1,,,plaid,1,,
ealing-central-and-acton,E14000674,,,lab,1,,,lab,1,,
ealing-north,E14000675,,,lab,0,,,,,,
ealing-southall,E14000676,,,lab,0,,,,,,
easington,E14000677,,,lab,1,lab,1,,,,
east-antrim,N06000005,,,alliance,1,alliance,1,,,,
eastbourne,E14000684,,,ld,1,,,ld,1,,
east-devon,E14000678,,,,,,,,,,
east-dunbartonshire,S14000018,,,,,,,,,,
east-ham,E14000679,,,lab,0,,,,,,
east-hampshire,E14000680,,,lab,-1,ld,-1,,,,
east-kilbride-strathaven-and-lesmahagow,S14000019,,,,,,,,,,
eastleigh,E14000685,,,ld,2,ld,2,ld,2,,
east-londonderry,N06000006,,,other,0,,,,,,
east-lothian,S14000020,,,,,,,,,,
east-renfrewshire,S14000021,,,snp,2,snp,2,snp,2,,
east-surrey,E14000681,,,lab,0,,,,,,
east-worthing-and-shoreham,E14000682,,,lab,0,,,,,,
east-yorkshire,E14000683,,,lab,0,,,,,,
eddisbury,E14000686,,,lab,0,,,,,,
edinburgh-east,S14000022,,,,,,,,,,
edinburgh-north-and-leith,S14000023,,,,,,,,,,
edinburgh-south,S14000024,,,,,,,,,,
edinburgh-south-west,S14000025,,,snp,1,snp,1,,,,
edinburgh-west,S14000026,,,,,,,,,,
edmonton,E14000687,,,lab,0,,,,,,
ellesmere-port-and-neston,E14000688,,,lab,0,,,,,,
elmet-and-rothwell,E14000689,,,lab,0,,,,,,
eltham,E14000690,,,lab,0,,,,,,
enfield-north,E14000691,,,lab,1,lab,1,,,,
enfield-southgate,E14000692,lab,2,lab,2,,,lab,2,,
epping-forest,E14000693,,,lab,-1,,,,,ld,-1
epsom-and-ewell,E14000694,,,lab,-1,ld,-1,,,,
erewash,E14000695,,,lab,1,lab,1,,,,
erith-and-thamesmead,E14000696,,,lab,0,,,,,,
esher-and-walton,E14000697,,,lab,-1,ld,-1,,,,
exeter,E14000698,,,lab,0,,,,,,
falkirk,S14000028,,,,,,,,,,
fareham,E14000699,,,lab,0,,,,,,
faversham-and-mid-kent,E14000700,,,lab,0,,,,,,
feltham-and-heston,E14000701,,,lab,0,,,,,,
fermanagh-and-south-tyrone,N06000007,,,other,0,,,,,,
filton-and-bradley-stoke,E14000702,,,lab,0,,,,,,
finchley-and-golders-green,E14000703,,,lab,1,,,lab,1,,
folkestone-and-hythe,E14000704,,,lab,0,,,,,,
forest-of-dean,E14000705,,,lab,0,,,,,,
foyle,N06000008,,,,,,,,,,
fylde,E14000706,,,lab,1,lab,1,,,,
gainsborough,E14000707,,,lab,0,,,,,,
garston-and-halewood,E14000708,,,lab,0,,,,,,
gateshead,E14000709,,,lab,1,lab,1,,,,
gedling,E14000710,lab,2,lab,2,lab,2,,,,
gillingham-and-rainham,E14000711,,,lab,1,lab,1,,,,
glasgow-central,S14000029,,,,,snp,0,,,,
glasgow-east,S14000030,,,,,,,,,,
glasgow-north,S14000031,,,,,snp,0,,,,
glasgow-north-east,S14000032,,,,,,,,,,
glasgow-north-west,S14000033,,,,,,,,,,
glasgow-south,S14000034,,,,,,,,,,
glasgow-south-west,S14000035,,,,,,,,,,
glenrothes,S14000036,,,,,,,,,,
gloucester,E14000712,,,lab,0,,,,,,
gordon,S14000037,,,snp,2,snp,2,snp,2,,
gosport,E14000713,,,lab,0,,,,,,
gower,W07000046,,,lab,1,,,lab,1,,
grantham-and-stamford,E14000714,,,lab,0,,,,,,
gravesham,E14000715,,,lab,1,lab,1,,,,
great-grimsby,E14000716,,,lab,1,lab,1,,,,
great-yarmouth,E14000717,,,lab,1,lab,1,,,,
greenwich-and-woolwich,E14000718,,,lab,0,,,,,,
guildford,E14000719,,,ld,1,ld,1,,,,
hackney-north-and-stoke-newington,E14000720,,,lab,0,,,,,,
hackney-south-and-shoreditch,E14000721,,,lab,0,,,,,,
halesowen-and-rowley-regis,E14000722,,,lab,2,lab,2,lab,2,,
halifax,E14000723,,,lab,2,lab,2,lab,2,,
haltemprice-and-howden,E14000724,,,lab,0,,,,,,
halton,E14000725,,,lab,1,lab,1,,,,
hammersmith,E14000726,,,lab,0,,,,,,
hampstead-and-kilburn,E14000727,,,lab,0,,,,,,
harborough,E14000728,,,lab,0,,,,,,
harlow,E14000729,,,lab,2,lab,2,,,lab,2
harrogate-and-knaresborough,E14000730,,,ld,1,ld,1,,,,
harrow-east,E14000731,,,lab,2,lab,2,lab,2,,
harrow-west,E14000732,,,lab,1,lab,1,,,,
hartlepool,E14000733,,,lab,0,,,,,,
harwich-and-north-essex,E14000734,,,lab,0,,,,,,
hastings-and-rye,E14000735,,,lab,1,,,lab,1,,
havant,E14000736,,,lab,0,,,,,,
hayes-and-harlington,E14000737,,,lab,0,,,,,,
hazel-grove,E14000738,ld,2,ld,2,,,ld,2,,
hemel-hempstead,E14000739,,,lab,0,,,,,,
hemsworth,E14000740,,,lab,1,lab,1,,,,
hendon,E14000741,lab,2,lab,2,,,lab,2,,
henley,E14000742,,,lab,-1,ld,-1,,,,
hereford-and-south-herefordshire,E14000743,,,lab,0,,,,,,
hertford-and-stortford,E14000744,,,lab,0,,,,,,
hertsmere,E14000745,,,lab,0,,,,,,
hexham,E14000746,,,lab,0,,,,,,
heywood-and-middleton,E14000747,,,lab,1,lab,1,,,,
high-peak,E14000748,,,lab,1,,,lab,1,,
hitchin-and-harpenden,E14000749,,,lab,0,,,,,,
holborn-and-st-pancras,E14000750,,,lab,0,,,,,,
hornchurch-and-upminster,E14000751,,,lab,0,,,,,,
hornsey-and-wood-green,E14000752,,,,,,,,,,
horsham,E14000753,,,lab,-1,ld,-1,,,,
houghton-and-sunderland-south,E14000754,,,lab,1,lab,1,,,,
hove,E14000755,,,lab,1,,,lab,1,,
huddersfield,E14000756,,,lab,1,lab,1,,,,
huntingdon,E14000757,,,lab,0,,,,,,
hyndburn,E14000758,,,lab,1,lab,1,,,,
ilford-north,E14000759,,,lab,2,lab,2,lab,2,,
ilford-south,E14000760,,,lab,0,,,,,,
inverclyde,S14000038,,,,,,,,,,
inverness-nairn-badenoch-and-strathspey,S14000039,,,snp,0,,,,,,
ipswich,E14000761,lab,2,lab,2,,,lab,2,,
isle-of-wight,E14000762,,,lab,0,,,,,,
islington-north,E14000763,,,lab,0,,,,,,
islington-south-and-finsbury,E14000764,,,lab,0,,,,,,
islwyn,W07000077,,,lab,1,lab,1,,,,
jarrow,E14000765,,,lab,1,lab,1,,,,
keighley,E14000766,,,lab,1,,,lab,1,,
kenilworth-and-southam,E14000767,,,lab,-1,ld,-1,,,,
kensington,E14000768,,,lab,1,,,lab,1,,
kettering,E14000769,,,lab,0,,,,,,
kilmarnock-and-loudoun,S14000040,,,,,,,,,,
kingston-and-surbiton,E14000770,,,ld,2,ld,2,ld,2,,
kingston-upon-hull-east,E14000771,,,lab,1,lab,1,,,,
kingston-upon-hull-north,E14000772,,,lab,0,,,,,,
kingston-upon-hull-west-and-hessle,E14000773,,,lab,1,lab,1,,,,
kingswood,E14000774,,,lab,0,,,,,,
kirkcaldy-and-cowdenbeath,S14000041,,,,,,,,,,
knowsley,E14000775,,,lab,0,,,,,,
lagan-valley,N06000009,,,,,,,,,,
lanark-and-hamilton-east,S14000042,,,snp,0,,,,,,
lancaster-and-fleetwood,E14000776,,,lab,1,,,lab,1,,
leeds-central,E14000777,,,lab,0,,,,,,
leeds-east,E14000778,,,lab,1,lab,1,,,,
leeds-north-east,E14000779,,,lab,0,,,,,,
leeds-north-west,E14000780,,,,,,,,,,
leeds-west,E14000781,,,lab,1,lab,1,,,,
leicester-east,E14000782,,,lab,0,,,,,,
leicester-south,E14000783,,,lab,0,,,,,,
leicester-west,E14000784,,,lab,0,,,,,,
leigh,E14000785,,,lab,1,lab,1,,,,
lewes,E14000786,,,ld,2,ld,2,ld,2,,
lewisham-deptford,E14000789,,,lab,0,,,,,,
lewisham-east,E14000787,,,lab,0,,,,,,
lewisham-west-and-penge,E14000788,,,lab,0,,,,,,
leyton-and-wanstead,E14000790,,,lab,0,,,,,,
lichfield,E14000791,,,lab,0,,,,,,
lincoln,E14000792,,,lab,1,,,lab,1,,
linlithgow-and-east-falkirk,S14000043,,,,,,,,,,
liverpool-riverside,E14000793,,,lab,0,,,,,,
liverpool-walton,E14000794,,,lab,0,,,,,,
liverpool-wavertree,E14000795,,,lab,0,,,,,,
liverpool-west-derby,E14000796,,,lab,0,,,,,,
livingston,S14000044,,,,,,,,,,
llanelli,W07000045,,,lab,0,,,,,,
loughborough,E14000797,,,lab,0,,,,,,
louth-and-horncastle,E14000798,,,lab,0,,,,,,
ludlow,E14000799,,,lab,0,,,,,,
luton-north,E14000800,,,lab,1,lab,1,,,,
luton-south,E14000801,,,lab,0,,,,,,
macclesfield,E14000802,,,lab,0,,,,,,
maidenhead,E14000803,,,lab,-1,ld,-1,,,,
maidstone-and-the-weald,E14000804,,,lab,0,,,,,,
makerfield,E14000805,,,lab,1,lab,1,,,,
maldon,E14000806,,,lab,-1,,,,,ld,-1
manchester-central,E14000807,,,lab,0,,,,,,
manchester-gorton,E14000808,,,lab,0,,,,,,
manchester-withington,E14000809,,,,,,,,,,
mansfield,E14000810,,,lab,2,lab,2,lab,2,,
meon-valley,E14000811,,,lab,-1,ld,-1,,,,
meriden,E14000812,,,lab,0,,,,,,
merthyr-tydfil-and-rhymney,W07000071,,,lab,1,lab,1,,,,
mid-bedfordshire,E14000813,,,lab,0,,,,,,
mid-derbyshire,E14000814,,,lab,0,,,,,,
middlesbrough,E14000819,,,lab,1,lab,1,,,,
middlesbrough-south-and-east-cleveland,E14000820,,,lab,1,,,lab,1,,
mid-dorset-and-north-poole,E14000815,,,ld,0,,,,,,
midlothian,S14000045,,,,,,,,,,
mid-norfolk,E14000816,,,lab,1,lab,1,,,,
mid-sussex,E14000817,,,lab,-1,ld,-1,,,,
mid-ulster,N06000010,,,other,0,,,,,,
mid-worcestershire,E14000818,,,lab,0,,,,,,
milton-keynes-north,E14000821,,,lab,0,,,,,,
milton-keynes-south,E14000822,,,lab,0,,,,,,
mitcham-and-morden,E14000823,,,lab,0,,,,,,
mole-valley,E14000824,,,ld,1,ld,1,,,,
monmouth,W07000054,,,lab,0,,,,,,
montgomeryshire,W07000063,,,ld,0,,,,,,
moray,S14000046,,,snp,2,snp,2,snp,2,,
morecambe-and-lunesdale,E14000825,,,lab,0,,,,,,
morley-and-outwood,E14000826,,,lab,2,lab,2,lab,2,,
motherwell-and-wishaw,S14000047,,,,,,,,,,
na-h-eileanan-an-iar,S14000027,,,,,,,,,,
neath,W07000069,,,lab,1,lab,1,,,,
newark,E14000829,,,lab,0,,,,,,
newbury,E14000830,,,ld,1,ld,1,,,,
newcastle-under-lyme,E14000834,,,lab,2,lab,2,lab,2,,
newcastle-upon-tyne-central,E14000831,,,lab,0,,,,,,
newcastle-upon-tyne-east,E14000832,,,lab,0,,,,,,
newcastle-upon-tyne-north,E14000833,,,lab,0,,,,,,
new-forest-east,E14000827,,,lab,1,lab,1,,,,
new-forest-west,E14000828,,,lab,-1,ld,-1,,,,
newport-east,W07000055,,,lab,1,lab,1,,,,
newport-west,W07000056,,,lab,0,,,,,,
newry-and-armagh,N06000011,,,other,0,,,,,,
newton-abbot,E14000835,,,lab,0,,,,,,
normanton-pontefract-and-castleford,E14000836,,,lab,1,lab,1,,,,
northampton-north,E14000861,,,lab,2,lab,2,lab,2,,
northampton-south,E14000862,,,lab,1,lab,1,,,,
north-antrim,N06000012,,,other,0,,,,,,
north-ayrshire-and-arran,S14000048,,,snp,0,,,,,,
north-cornwall,E14000837,,,ld,1,,,ld,1,,
north-devon,E14000838,ld,2,ld,2,,,ld,2,,
north-dorset,E14000839,,,lab,0,,,,,,
north-down,N06000013,,,,,,,,,,
north-durham,E14000840,,,lab,1,lab,1,,,,
north-east-bedfordshire,E14000841,,,lab,0,,,,,,
north-east-cambridgeshire,E14000842,,,lab,0,,,,,,
north-east-derbyshire,E14000843,,,lab,2,lab,2,lab,2,,
north-east-fife,S14000049,,,,,,,,,,
north-east-hampshire,E14000844,,,lab,-1,ld,-1,,,,
north-east-hertfordshire,E14000845,,,lab,-1,ld,-1,,,,
north-east-somerset,E14000846,,,lab,0,,,,,,
north-herefordshire,E14000847,,,lab,0,,,,,,
north-norfolk,E14000848,,,ld,1,ld,1,,,,
north-shropshire,E14000849,,,lab,0,,,,,,
north-somerset,E14000850,,,lab,-1,ld,-1,,,,
north-swindon,E14000851,,,lab,0,,,,,,
north-thanet,E14000852,,,lab,1,lab,1,,,,
north-tyneside,E14000853,,,lab,1,lab,1,,,,
north-warwickshire,E14000854,,,lab,1,lab,1,,,,
north-west-cambridgeshire,E14000855,,,lab,0,,,,,,
north-west-durham,E14000856,,,lab,1,lab,1,,,,
north-west-hampshire,E14000857,,,lab,0,,,,,,
north-west-leicestershire,E14000858,,,lab,0,,,,,,
north-west-norfolk,E14000859,,,lab,0,,,,,,
north-wiltshire,E14000860,,,ld,1,ld,1,,,,
norwich-north,E14000863,,,lab,1,,,lab,1,,
norwich-south,E14000864,,,lab,0,,,,,,
nottingham-east,E14000865,,,lab,0,,,,,,
nottingham-north,E14000866,,,lab,0,,,,,,
nottingham-south,E14000867,,,lab,0,,,,,,
nuneaton,E14000868,,,lab,1,lab,1,,,,
ochil-and-south-perthshire,S14000050,,,snp,1,snp,1,,,,
ogmore,W07000074,,,lab,1,lab,1,,,,
old-bexley-and-sidcup,E14000869,,,lab,0,,,,,,
oldham-east-and-saddleworth,E14000870,,,lab,0,,,,,,
oldham-west-and-royton,E14000871,,,lab,0,,,,,,
orkney-and-shetland,S14000051,,,,,,,,,,
orpington,E14000872,,,lab,0,,,,,,
oxford-east,E14000873,,,lab,0,,,,,,
oxford-west-and-abingdon,E14000874,ld,3,ld,3,ld,3,ld,3,,
paisley-and-renfrewshire-north,S14000052,,,,,,,,,,
paisley-and-renfrewshire-south,S14000053,,,,,,,,,,
pendle,E14000875,,,lab,1,lab,1,,,,
penistone-and-stocksbridge,E14000876,,,lab,1,lab,1,,,,
penrith-and-the-border,E14000877,,,lab,0,,,,,,
perth-and-north-perthshire,S14000054,,,snp,1,snp,1,,,,
peterborough,E14000878,,,lab,2,lab,2,lab,2,,
plymouth-moor-view,E14000879,,,lab,2,lab,2,lab,2,,
plymouth-sutton-and-devonport,E14000880,,,lab,1,,,lab,1,,
pontypridd,W07000075,,,lab,1,lab,1,,,,
poole,E14000881,,,lab,0,,,,,,
poplar-and-limehouse,E14000882,,,lab,0,,,,,,
portsmouth-north,E14000883,,,lab,0,,,,,,
portsmouth-south,E14000884,,,lab,0,,,,,,
preseli-pembrokeshire,W07000065,,,lab,1,,,lab,1,,
preston,E14000885,,,lab,0,,,,,,
pudsey,E14000886,,,lab,1,,,lab,1,,
putney,E14000887,,,lab,0,,,,,,
rayleigh-and-wickford,E14000888,,,lab,0,,,,,,
reading-east,E14000889,,,lab,1,,,lab,1,,
reading-west,E14000890,,,lab,0,,,,,,
redcar,E14000891,,,lab,1,lab,1,,,,
redditch,E14000892,,,lab,1,lab,1,,,,
reigate,E14000893,,,lab,-1,ld,-1,,,,
rhondda,W07000052,,,,,,,,,,
ribble-valley,E14000894,,,lab,0,,,,,,
richmond-park,E14000896,ld,2,ld,2,ld,2,,,,
richmond-(yorks),E14000895,,,lab,1,lab,1,,,,
rochdale,E14000897,,,lab,0,,,,,,
rochester-and-strood,E14000898,,,lab,2,lab,2,lab,2,,
rochford-and-southend-east,E14000899,,,lab,2,lab,2,,,lab,2
romford,E14000900,,,lab,1,lab,1,,,,
romsey-and-southampton-north,E14000901,,,ld,1,ld,1,,,,
rossendale-and-darwen,E14000902,,,lab,1,lab,1,,,,
ross-skye-and-lochaber,S14000055,,,snp,0,,,,,,
rotherham,E14000904,,,lab,1,lab,1,,,,
rother-valley,E14000903,,,lab,1,lab,1,,,,
rugby,E14000905,,,lab,0,,,,,,
ruislip-northwood-and-pinner,E14000906,,,lab,0,,,,,,
runnymede-and-weybridge,E14000907,,,lab,-1,ld,-1,,,,
rushcliffe,E14000908,,,lab,0,,,,,,
rutherglen-and-hamilton-west,S14000056,,,,,,,,,,
rutland-and-melton,E14000909,,,lab,0,,,,,,
saffron-walden,E14000910,,,lab,-2,ld,0,,,ld,0
salford-and-eccles,E14000911,,,lab,1,lab,1,,,,
salisbury,E14000912,,,lab,-1,ld,-1,,,,
scarborough-and-whitby,E14000913,,,lab,1,lab,1,,,,
scunthorpe,E14000914,,,lab,1,lab,1,,,,
sedgefield,E14000915,,,lab,1,lab,1,,,,
sefton-central,E14000916,,,lab,0,,,,,,
selby-and-ainsty,E14000917,,,lab,0,,,,,,
sevenoaks,E14000918,,,lab,-1,ld,-1,,,,
sheffield-brightside-and-hillsborough,E14000921,,,lab,0,,,,,,
sheffield-central,E14000919,,,lab,0,,,,,,
sheffield-hallam,E14000922,,,,,,,,,,
sheffield-heeley,E14000923,,,lab,0,,,,,,
sheffield-south-east,E14000920,,,lab,1,lab,1,,,,
sherwood,E14000924,,,lab,1,lab,1,,,,
shipley,E14000925,,,lab,0,,,,,,
shrewsbury-and-atcham,E14000926,,,lab,0,,,,,,
sittingbourne-and-sheppey,E14000927,,,lab,0,,,,,,
skipton-and-ripon,E14000928,,,lab,0,,,,,,
sleaford-and-north-hykeham,E14000929,,,lab,0,,,,,,
slough,E14000930,,,lab,0,,,,,,
solihull,E14000931,,,lab,0,,,,,,
somerton-and-frome,E14000932,,,ld,1,ld,1,,,,
southampton-itchen,E14000955,,,lab,1,,,lab,1,,
southampton-test,E14000956,,,lab,0,,,,,,
south-antrim,N06000014,,,,,alliance,0,,,,
south-basildon-and-east-thurrock,E14000933,,,lab,1,,,,,lab,1
south-cambridgeshire,E14000934,,,lab,-1,ld,-1,,,,
south-derbyshire,E14000935,,,lab,1,lab,1,,,,
south-dorset,E14000936,,,lab,0,,,,,,
south-down,N06000015,,,,,,,,,,
south-east-cambridgeshire,E14000937,,,lab,-1,ld,-1,,,,
south-east-cornwall,E14000938,,,lab,0,,,,,,
southend-west,E14000957,,,lab,0,,,,,,
south-holland-and-the-deepings,E14000939,,,lab,0,,,,,,
south-leicestershire,E14000940,,,lab,0,,,,,,
south-norfolk,E14000941,,,lab,0,,,,,,
south-northamptonshire,E14000942,,,lab,0,,,,,,
southport,E14000958,,,lab,0,,,,,,
south-ribble,E14000943,,,lab,0,,,,,,
south-shields,E14000944,,,lab,1,lab,1,,,,
south-staffordshire,E14000945,,,lab,0,,,,,,
south-suffolk,E14000946,,,lab,0,,,,,,
south-swindon,E14000947,,,lab,0,,,,,,
south-thanet,E14000948,,,lab,0,,,,,,
south-west-bedfordshire,E14000949,,,lab,0,,,,,,
south-west-devon,E14000950,,,lab,0,,,,,,
south-west-hertfordshire,E14000951,,,lab,-1,ld,-1,,,,
south-west-norfolk,E14000952,,,lab,0,,,,,,
south-west-surrey,E14000953,,,other,0,,,,,,
south-west-wiltshire,E14000954,,,lab,0,,,,,,
spelthorne,E14000959,,,lab,0,,,,,,
stafford,E14000965,,,lab,0,,,,,,
staffordshire-moorlands,E14000966,,,lab,0,,,,,,
st-albans,E14000960,ld,2,ld,2,ld,2,,,,
stalybridge-and-hyde,E14000967,,,lab,1,lab,1,,,,
st-austell-and-newquay,E14000961,,,lab,0,,,,,,
stevenage,E14000968,,,lab,0,,,,,,
st-helens-north,E14000962,,,lab,1,lab,1,,,,
st-helens-south-and-whiston,E14000963,,,lab,1,lab,1,,,,
stirling,S14000057,,,snp,1,snp,1,,,,
st-ives,E14000964,ld,2,ld,2,,,ld,2,,
stockport,E14000969,,,lab,0,,,,,,
stockton-north,E14000970,,,lab,1,lab,1,,,,
stockton-south,E14000971,,,lab,2,lab,2,lab,2,,
stoke-on-trent-central,E14000972,,,lab,1,lab,1,,,,
stoke-on-trent-north,E14000973,,,lab,1,lab,1,,,,
stoke-on-trent-south,E14000974,,,lab,2,lab,2,lab,2,,
stone,E14000975,,,lab,0,,,,,,
stourbridge,E14000976,,,lab,1,lab,1,,,,
strangford,N06000016,,,alliance,0,,,,,,
stratford-on-avon,E14000977,,,lab,-1,ld,-1,,,,
streatham,E14000978,,,lab,0,,,,,,
stretford-and-urmston,E14000979,,,lab,0,,,,,,
stroud,E14000980,lab,2,lab,2,,,lab,2,,
suffolk-coastal,E14000981,,,lab,0,,,,,,
sunderland-central,E14000982,,,lab,1,lab,1,,,,
surrey-heath,E14000983,,,lab,0,,,,,,
sutton-and-cheam,E14000984,,,ld,2,ld,2,ld,2,,
sutton-coldfield,E14000985,,,lab,0,,,,,,
swansea-east,W07000048,,,lab,1,lab,1,,,,
swansea-west,W07000047,,,lab,0,,,,,,
tamworth,E14000986,,,lab,0,,,,,,
tatton,E14000987,,,lab,-1,ld,-1,,,,
taunton-deane,E14000988,,,ld,2,ld,2,ld,2,,
telford,E14000989,,,lab,2,lab,2,lab,2,,
tewkesbury,E14000990,,,lab,-1,ld,-1,,,,
the-cotswolds,E14000991,,,lab,-1,ld,-1,,,,
the-wrekin,E14000992,,,lab,1,lab,1,,,,
thirsk-and-malton,E14000993,,,lab,0,,,,,,
thornbury-and-yate,E14000994,,,ld,2,ld,2,ld,2,,
thurrock,E14000995,,,lab,3,lab,3,lab,3,lab,3
tiverton-and-honiton,E14000996,,,lab,0,,,,,,
tonbridge-and-malling,E14000997,,,lab,-1,ld,-1,,,,
tooting,E14000998,,,lab,0,,,,,,
torbay,E14000999,,,ld,2,ld,2,ld,2,,
torfaen,W07000053,,,lab,1,lab,1,,,,
torridge-and-west-devon,E14001000,,,lab,0,,,,,,
totnes,E14001001,,,lab,0,,,,,,
tottenham,E14001002,,,lab,0,,,,,,
truro-and-falmouth,E14001003,,,lab,0,,,,,,
tunbridge-wells,E14001004,,,lab,-1,ld,-1,,,,
twickenham,E14001005,,,ld,2,ld,2,ld,2,,
tynemouth,E14001006,,,lab,0,,,,,,
upper-bann,N06000017,,,other,0,,,,,,
uxbridge-and-south-ruislip,E14001007,,,lab,1,,,lab,1,,
vale-of-clwyd,W07000060,,,lab,1,,,lab,1,,
vale-of-glamorgan,W07000078,,,lab,0,,,,,,
vauxhall,E14001008,,,,,,,,,,
wakefield,E14001009,lab,2,lab,2,lab,2,,,,
wallasey,E14001010,,,lab,1,lab,1,,,,
walsall-north,E14001011,,,lab,2,lab,2,lab,2,,
walsall-south,E14001012,,,lab,1,lab,1,,,,
walthamstow,E14001013,,,lab,0,,,,,,
wansbeck,E14001014,,,lab,1,lab,1,,,,
wantage,E14001015,,,lab,-1,ld,-1,,,,
warley,E14001016,,,lab,0,,,,,,
warrington-north,E14001017,,,lab,1,lab,1,,,,
warrington-south,E14001018,,,lab,1,,,lab,1,,
warwick-and-leamington,E14001019,,,lab,1,,,lab,1,,
washington-and-sunderland-west,E14001020,,,lab,1,lab,1,,,,
watford,E14001021,,,lab,0,,,,,,
waveney,E14001022,,,lab,1,lab,1,,,,
wealden,E14001023,,,lab,0,,,,,,
weaver-vale,E14001024,lab,2,lab,2,,,lab,2,,
wellingborough,E14001025,,,lab,1,lab,1,,,,
wells,E14001026,ld,3,ld,3,ld,3,ld,3,,
welwyn-hatfield,E14001027,,,lab,0,,,,,,
wentworth-and-dearne,E14001028,,,lab,1,lab,1,,,,
west-aberdeenshire-and-kincardine,S14000058,,,snp,1,snp,1,,,,
west-bromwich-east,E14001029,,,lab,1,lab,1,,,,
west-bromwich-west,E14001030,,,lab,1,lab,1,,,,
west-dorset,E14001031,,,ld,1,ld,1,,,,
west-dunbartonshire,S14000059,,,,,,,,,,
west-ham,E14001032,,,lab,0,,,,,,
west-lancashire,E14001033,,,lab,1,lab,1,,,,
westminster-north,E14001036,,,lab,0,,,,,,
westmorland-and-lonsdale,E14001037,,,ld,1,ld,1,,,,
weston-super-mare,E14001038,,,lab,0,,,,,,
west-suffolk,E14001034,,,lab,0,,,,,,
west-tyrone,N06000018,,,other,0,,,,,,
west-worcestershire,E14001035,,,lab,-1,ld,-1,,,,
wigan,E14001039,,,lab,1,lab,1,,,,
wimbledon,E14001040,,,lab,0,,,,,,
winchester,E14001041,,,ld,1,ld,1,,,,
windsor,E14001042,,,lab,-1,ld,-1,,,,
wirral-south,E14001043,,,lab,0,,,,,,
wirral-west,E14001044,,,lab,1,,,lab,1,,
witham,E14001045,,,lab,-1,,,,,ld,-1
witney,E14001046,,,lab,-1,ld,-1,,,,
woking,E14001047,,,lab,-1,ld,-1,,,,
wokingham,E14001048,,,lab,-1,ld,-1,,,,
wolverhampton-north-east,E14001049,,,lab,1,lab,1,,,,
wolverhampton-south-east,E14001050,,,lab,1,lab,1,,,,
wolverhampton-south-west,E14001051,,,lab,2,lab,2,lab,2,,
worcester,E14001052,,,lab,0,,,,,,
workington,E14001053,,,lab,1,lab,1,,,,
worsley-and-eccles-south,E14001054,,,lab,1,lab,1,,,,
worthing-west,E14001055,,,lab,0,,,,,,
wrexham,W07000044,,,lab,0,,,,,,
wycombe,E14001056,,,lab,0,,,,,,
wyre-and-preston-north,E14001057,,,lab,0,,,,,,
wyre-forest,E14001058,,,lab,0,,,,,,
wythenshawe-and-sale-east,E14001059,,,lab,0,,,,,,
yeovil,E14001060,,,ld,1,,,ld,1,,
ynys-mon,W07000041,,,lab,0,,,,,,
york-central,E14001061,,,lab,0,,,,,,
york-outer,E14001062,,,lab,0,,,,,,
