aberavon,aberavon
aberconwy,aberconwy
aberdeen-north,aberdeen-north
aberdeen-south,aberdeen-south
airdrie-and-shotts,airdrie-and-shotts
aldershot,aldershot
aldridge-brownhills,aldridge-brownhills
altrincham-and-sale-west,altrincham-and-sale-west
alyn-and-deeside,alyn-and-deeside
amber-valley,amber-valley
angus,angus
arfon,arfon
argyll-and-bute,argyll-and-bute
arundel-and-south-downs,arundel-and-south-downs
ashfield,ashfield
ashford,ashford
ashton-under-lyne,ashton-under-lyne
aylesbury,aylesbury
ayr-carrick-and-cumnock,ayr-carrick-and-cumnock
banbury,banbury
banff-and-buchan,banff-and-buchan
barking,barking
barnsley-central,barnsley-central
barnsley-east,barnsley-east
barrow-and-furness,barrow-and-furness
basildon-and-billericay,basildon-and-billericay
basingstoke,basingstoke
bassetlaw,bassetlaw
bath,bath
batley-and-spen,batley-and-spen
battersea,battersea
beaconsfield,beaconsfield
beckenham,beckenham
bedford,bedford
belfast-east,belfast-east
belfast-north,belfast-north
belfast-south,belfast-south
belfast-west,belfast-west
bermondsey-and-old-southwark,bermondsey-and-old-southwark
berwick-upon-tweed,berwick-upon-tweed
berwickshire-roxburgh-and-selkirk,berwickshire-roxburgh-and-selkirk
bethnal-green-and-bow,bethnal-green-and-bow
beverley-and-holderness,beverley-and-holderness
bexhill-and-battle,bexhill-and-battle
bexleyheath-and-crayford,bexleyheath-and-crayford
birkenhead,birkenhead
birmingham-edgbaston,birmingham-edgbaston
birmingham-erdington,birmingham-erdington
birmingham-hall-green,birmingham-hall-green
birmingham-hodge-hill,birmingham-hodge-hill
birmingham-ladywood,birmingham-ladywood
birmingham-northfield,birmingham-northfield
birmingham-perry-barr,birmingham-perry-barr
birmingham-selly-oak,birmingham-selly-oak
birmingham-yardley,birmingham-yardley
bishop-auckland,bishop-auckland
blackburn,blackburn
blackley-and-broughton,blackley-and-broughton
blackpool-north-and-cleveleys,blackpool-north-and-cleveleys
blackpool-south,blackpool-south
blaenau-gwent,blaenau-gwent
blaydon,blaydon
blyth-valley,blyth-valley
bognor-regis-and-littlehampton,bognor-regis-and-littlehampton
bolsover,bolsover
bolton-north-east,bolton-north-east
bolton-south-east,bolton-south-east
bolton-west,bolton-west
bootle,bootle
boston-and-skegness,boston-and-skegness
bosworth,bosworth
bournemouth-east,bournemouth-east
bournemouth-west,bournemouth-west
bracknell,bracknell
bradford-east,bradford-east
bradford-south,bradford-south
bradford-west,bradford-west
braintree,braintree
brecon-and-radnorshire,brecon-and-radnorshire
brent-central,brent-central
brent-north,brent-north
brentford-and-isleworth,brentford-and-isleworth
brentwood-and-ongar,brentwood-and-ongar
bridgend,bridgend
bridgwater-and-west-somerset,bridgwater-and-west-somerset
brigg-and-goole,brigg-and-goole
brighton-kemptown,brighton-kemptown
brighton-pavilion,brighton-pavilion
bristol-east,bristol-east
bristol-north-west,bristol-north-west
bristol-south,bristol-south
bristol-west,bristol-west
broadland,broadland
bromley-and-chislehurst,bromley-and-chislehurst
bromsgrove,bromsgrove
broxbourne,broxbourne
broxtowe,broxtowe
buckingham,buckingham
burnley,burnley
burton,burton
bury-north,bury-north
bury-south,bury-south
bury-st-edmunds,bury-st-edmunds
caerphilly,caerphilly
caithness-sutherland-and-easter-ross,caithness-sutherland-and-easter-ross
calder-valley,calder-valley
camberwell-and-peckham,camberwell-and-peckham
camborne-and-redruth,camborne-and-redruth
cambridge,cambridge
cannock-chase,cannock-chase
canterbury,canterbury
cardiff-central,cardiff-central
cardiff-north,cardiff-north
cardiff-south-and-penarth,cardiff-south-and-penarth
cardiff-west,cardiff-west
carlisle,carlisle
carmarthen-east-and-dinefwr,carmarthen-east-and-dinefwr
carmarthen-west-and-south-pembrokeshire,carmarthen-west-and-south-pembrokeshire
carshalton-and-wallington,carshalton-and-wallington
castle-point,castle-point
central-ayrshire,central-ayrshire
central-devon,central-devon
central-suffolk-and-north-ipswich,central-suffolk-and-north-ipswich
ceredigion,ceredigion
charnwood,charnwood
chatham-and-aylesford,chatham-and-aylesford
cheadle,cheadle
chelmsford,chelmsford
chelsea-and-fulham,chelsea-and-fulham
cheltenham,cheltenham
chesham-and-amersham,chesham-and-amersham
chesterfield,chesterfield
chichester,chichester
chingford-and-woodford-green,chingford-and-woodford-green
chippenham,chippenham
chipping-barnet,chipping-barnet
chorley,chorley
christchurch,christchurch
cities-of-london-and-westminster,cities-of-london-and-westminster
city-of-chester,city-of-chester
city-of-durham,city-of-durham
clacton,clacton
cleethorpes,cleethorpes
clwyd-south,clwyd-south
clwyd-west,clwyd-west
coatbridge-chryston-and-bellshill,coatbridge-chryston-and-bellshill
colchester,colchester
colne-valley,colne-valley
congleton,congleton
copeland,copeland
corby,corby
coventry-north-east,coventry-north-east
coventry-north-west,coventry-north-west
coventry-south,coventry-south
crawley,crawley
crewe-and-nantwich,crewe-and-nantwich
croydon-central,croydon-central
croydon-north,croydon-north
croydon-south,croydon-south
cumbernauld-kilsyth-and-kirkintilloch-east,cumbernauld-kilsyth-and-kirkintilloch-east
cynon-valley,cynon-valley
dagenham-and-rainham,dagenham-and-rainham
darlington,darlington
dartford,dartford
daventry,daventry
delyn,delyn
denton-and-reddish,denton-and-reddish
derby-north,derby-north
derby-south,derby-south
derbyshire-dales,derbyshire-dales
devizes,devizes
dewsbury,dewsbury
don-valley,don-valley
doncaster-central,doncaster-central
doncaster-north,doncaster-north
dover,dover
dudley-north,dudley-north
dudley-south,dudley-south
dulwich-and-west-norwood,dulwich-and-west-norwood
dumfries-and-galloway,dumfries-and-galloway
dumfriesshire-clydesdale-and-tweeddale,dumfriesshire-clydesdale-and-tweeddale
dumfriesshire-clydesdale-and-tweeddale,dumfriesshire-clydesdale-and-tweeddale
dundee-east,dundee-east
dundee-west,dundee-west
dunfermline-and-west-fife,dunfermline-and-west-fife
dwyfor-meirionnydd,dwyfor-meirionnydd
ealing-central-and-acton,ealing-central-and-acton
ealing-north,ealing-north
ealing-southall,ealing-southall
easington,easington
east-antrim,east-antrim
east-devon,east-devon
east-dunbartonshire,east-dunbartonshire
east-ham,east-ham
east-hampshire,east-hampshire
east-kilbride-strathaven-and-lesmahagow,east-kilbride-strathaven-and-lesmahagow
east-londonderry,east-londonderry
east-lothian,east-lothian
east-renfrewshire,east-renfrewshire
east-surrey,east-surrey
east-worthing-and-shoreham,east-worthing-and-shoreham
east-yorkshire,east-yorkshire
eastbourne,eastbourne
eastleigh,eastleigh
eddisbury,eddisbury
edinburgh-east,edinburgh-east
edinburgh-north-and-leith,edinburgh-north-and-leith
edinburgh-south,edinburgh-south
edinburgh-south-west,edinburgh-south-west
edinburgh-west,edinburgh-west
edmonton,edmonton
ellesmere-port-and-neston,ellesmere-port-and-neston
elmet-and-rothwell,elmet-and-rothwell
eltham,eltham
enfield-north,enfield-north
enfield-southgate,enfield-southgate
epping-forest,epping-forest
epsom-and-ewell,epsom-and-ewell
erewash,erewash
erith-and-thamesmead,erith-and-thamesmead
esher-and-walton,esher-and-walton
exeter,exeter
falkirk,falkirk
fareham,fareham
faversham-and-mid-kent,faversham-and-mid-kent
feltham-and-heston,feltham-and-heston
fermanagh-and-south-tyrone,fermanagh-and-south-tyrone
filton-and-bradley-stoke,filton-and-bradley-stoke
finchley-and-golders-green,finchley-and-golders-green
folkestone-and-hythe,folkestone-and-hythe
forest-of-dean,forest-of-dean
foyle,foyle
fylde,fylde
gainsborough,gainsborough
garston-and-halewood,garston-and-halewood
gateshead,gateshead
gedling,gedling
gillingham-and-rainham,gillingham-and-rainham
glasgow-central,glasgow-central
glasgow-east,glasgow-east
glasgow-north,glasgow-north
glasgow-north-east,glasgow-north-east
glasgow-north-west,glasgow-north-west
glasgow-south,glasgow-south
glasgow-south-west,glasgow-south-west
glenrothes,glenrothes
gloucester,gloucester
gordon,gordon
gosport,gosport
gower,gower
grantham-and-stamford,grantham-and-stamford
gravesham,gravesham
great-grimsby,great-grimsby
great-yarmouth,great-yarmouth
greenwich-and-woolwich,greenwich-and-woolwich
guildford,guildford
hackney-north-and-stoke-newington,hackney-north-and-stoke-newington
hackney-south-and-shoreditch,hackney-south-and-shoreditch
halesowen-and-rowley-regis,halesowen-and-rowley-regis
halifax,halifax
haltemprice-and-howden,haltemprice-and-howden
halton,halton
hammersmith,hammersmith
hampstead-and-kilburn,hampstead-and-kilburn
harborough,harborough
harlow,harlow
harrogate-and-knaresborough,harrogate-and-knaresborough
harrow-east,harrow-east
harrow-west,harrow-west
hartlepool,hartlepool
harwich-and-north-essex,harwich-and-north-essex
hastings-and-rye,hastings-and-rye
havant,havant
hayes-and-harlington,hayes-and-harlington
hazel-grove,hazel-grove
hemel-hempstead,hemel-hempstead
hemsworth,hemsworth
hendon,hendon
henley,henley
hereford-and-south-herefordshire,hereford-and-south-herefordshire
hertford-and-stortford,hertford-and-stortford
hertsmere,hertsmere
hexham,hexham
heywood-and-middleton,heywood-and-middleton
high-peak,high-peak
hitchin-and-harpenden,hitchin-and-harpenden
holborn-and-st-pancras,holborn-and-st-pancras
hornchurch-and-upminster,hornchurch-and-upminster
hornsey-and-wood-green,hornsey-and-wood-green
horsham,horsham
houghton-and-sunderland-south,houghton-and-sunderland-south
hove,hove
huddersfield,huddersfield
huntingdon,huntingdon
hyndburn,hyndburn
ilford-north,ilford-north
ilford-south,ilford-south
inverclyde,inverclyde
inverness-nairn-badenoch-and-strathspey,inverness-nairn-badenoch-and-strathspey
ipswich,ipswich
isle-of-wight,isle-of-wight
islington-north,islington-north
islington-south-and-finsbury,islington-south-and-finsbury
islwyn,islwyn
jarrow,jarrow
keighley,keighley
kenilworth-and-southam,kenilworth-and-southam
kensington,kensington
kettering,kettering
kilmarnock-and-loudoun,kilmarnock-and-loudoun
kingston-and-surbiton,kingston-and-surbiton
kingston-upon-hull-east,kingston-upon-hull-east
kingston-upon-hull-north,kingston-upon-hull-north
kingston-upon-hull-west-and-hessle,kingston-upon-hull-west-and-hessle
kingswood,kingswood
kirkcaldy-and-cowdenbeath,kirkcaldy-and-cowdenbeath
knowsley,knowsley
lagan-valley,lagan-valley
lanark-and-hamilton-east,lanark-and-hamilton-east
lancaster-and-fleetwood,lancaster-and-fleetwood
leeds-central,leeds-central
leeds-east,leeds-east
leeds-north-east,leeds-north-east
leeds-north-west,leeds-north-west
leeds-west,leeds-west
leicester-east,leicester-east
leicester-south,leicester-south
leicester-west,leicester-west
leigh,leigh
lewes,lewes
lewisham-deptford,lewisham-deptford
lewisham-east,lewisham-east
lewisham-west-and-penge,lewisham-west-and-penge
leyton-and-wanstead,leyton-and-wanstead
lichfield,lichfield
lincoln,lincoln
linlithgow-and-east-falkirk,linlithgow-and-east-falkirk
liverpool-riverside,liverpool-riverside
liverpool-walton,liverpool-walton
liverpool-wavertree,liverpool-wavertree
liverpool-west-derby,liverpool-west-derby
livingston,livingston
llanelli,llanelli
loughborough,loughborough
louth-and-horncastle,louth-and-horncastle
ludlow,ludlow
luton-north,luton-north
luton-south,luton-south
macclesfield,macclesfield
maidenhead,maidenhead
maidstone-and-the-weald,maidstone-and-the-weald
makerfield,makerfield
maldon,maldon
manchester-central,manchester-central
manchester-gorton,manchester-gorton
manchester-withington,manchester-withington
mansfield,mansfield
meon-valley,meon-valley
meriden,meriden
merthyr-tydfil-and-rhymney,merthyr-tydfil-and-rhymney
mid-bedfordshire,mid-bedfordshire
mid-derbyshire,mid-derbyshire
mid-dorset-and-north-poole,mid-dorset-and-north-poole
mid-norfolk,mid-norfolk
mid-sussex,mid-sussex
mid-ulster,mid-ulster
mid-worcestershire,mid-worcestershire
middlesbrough,middlesbrough
middlesbrough-south-and-east-cleveland,middlesbrough-south-and-east-cleveland
midlothian,midlothian
milton-keynes-north,milton-keynes-north
milton-keynes-south,milton-keynes-south
mitcham-and-morden,mitcham-and-morden
mole-valley,mole-valley
monmouth,monmouth
montgomeryshire,montgomeryshire
moray,moray
morecambe-and-lunesdale,morecambe-and-lunesdale
morley-and-outwood,morley-and-outwood
motherwell-and-wishaw,motherwell-and-wishaw
na-h-eileanan-an-iar,na-h-eileanan-an-iar
neath,neath
new-forest-east,new-forest-east
new-forest-west,new-forest-west
newark,newark
newbury,newbury
newcastle-under-lyme,newcastle-under-lyme
newcastle-upon-tyne-central,newcastle-upon-tyne-central
newcastle-upon-tyne-east,newcastle-upon-tyne-east
newcastle-upon-tyne-north,newcastle-upon-tyne-north
newport-east,newport-east
newport-west,newport-west
newry-and-armagh,newry-and-armagh
newton-abbot,newton-abbot
normanton-pontefract-and-castleford,normanton-pontefract-and-castleford
north-antrim,north-antrim
north-ayrshire-and-arran,north-ayrshire-and-arran
north-cornwall,north-cornwall
north-devon,north-devon
north-dorset,north-dorset
north-down,north-down
north-durham,north-durham
north-east-bedfordshire,north-east-bedfordshire
north-east-cambridgeshire,north-east-cambridgeshire
north-east-derbyshire,north-east-derbyshire
north-east-fife,north-east-fife
north-east-hampshire,north-east-hampshire
north-east-hertfordshire,north-east-hertfordshire
north-east-somerset,north-east-somerset
north-herefordshire,north-herefordshire
north-norfolk,north-norfolk
north-shropshire,north-shropshire
north-somerset,north-somerset
north-swindon,north-swindon
north-thanet,north-thanet
north-tyneside,north-tyneside
north-warwickshire,north-warwickshire
north-west-cambridgeshire,north-west-cambridgeshire
north-west-durham,north-west-durham
north-west-hampshire,north-west-hampshire
north-west-leicestershire,north-west-leicestershire
north-west-norfolk,north-west-norfolk
north-wiltshire,north-wiltshire
northampton-north,northampton-north
northampton-south,northampton-south
norwich-north,norwich-north
norwich-south,norwich-south
nottingham-east,nottingham-east
nottingham-north,nottingham-north
nottingham-south,nottingham-south
nuneaton,nuneaton
ochil-and-south-perthshire,ochil-and-south-perthshire
ogmore,ogmore
old-bexley-and-sidcup,old-bexley-and-sidcup
oldham-east-and-saddleworth,oldham-east-and-saddleworth
oldham-west-and-royton,oldham-west-and-royton
orkney-and-shetland,orkney-and-shetland
orpington,orpington
oxford-east,oxford-east
oxford-west-and-abingdon,oxford-west-and-abingdon
paisley-and-renfrewshire-north,paisley-and-renfrewshire-north
paisley-and-renfrewshire-south,paisley-and-renfrewshire-south
pendle,pendle
penistone-and-stocksbridge,penistone-and-stocksbridge
penrith-and-the-border,penrith-and-the-border
perth-and-north-perthshire,perth-and-north-perthshire
peterborough,peterborough
plymouth-moor-view,plymouth-moor-view
plymouth-sutton-and-devonport,plymouth-sutton-and-devonport
pontypridd,pontypridd
poole,poole
poplar-and-limehouse,poplar-and-limehouse
portsmouth-north,portsmouth-north
portsmouth-south,portsmouth-south
preseli-pembrokeshire,preseli-pembrokeshire
preston,preston
pudsey,pudsey
putney,putney
rayleigh-and-wickford,rayleigh-and-wickford
reading-east,reading-east
reading-west,reading-west
redcar,redcar
redditch,redditch
reigate,reigate
rhondda,rhondda
ribble-valley,ribble-valley
richmond-(yorks),richmond-yorks
richmond-park,richmond-park
rochdale,rochdale
rochester-and-strood,rochester-and-strood
rochford-and-southend-east,rochford-and-southend-east
romford,romford
romsey-and-southampton-north,romsey-and-southampton-north
ross-skye-and-lochaber,ross-skye-and-lochaber
rossendale-and-darwen,rossendale-and-darwen
rother-valley,rother-valley
rotherham,rotherham
rugby,rugby
ruislip-northwood-and-pinner,ruislip-northwood-and-pinner
runnymede-and-weybridge,runnymede-and-weybridge
rushcliffe,rushcliffe
rutherglen-and-hamilton-west,rutherglen-and-hamilton-west
rutland-and-melton,rutland-and-melton
saffron-walden,saffron-walden
salford-and-eccles,salford-and-eccles
salisbury,salisbury
scarborough-and-whitby,scarborough-and-whitby
scunthorpe,scunthorpe
sedgefield,sedgefield
sefton-central,sefton-central
selby-and-ainsty,selby-and-ainsty
sevenoaks,sevenoaks
sheffield-brightside-and-hillsborough,sheffield-brightside-and-hillsborough
sheffield-central,sheffield-central
sheffield-hallam,sheffield-hallam
sheffield-heeley,sheffield-heeley
sheffield-south-east,sheffield-south-east
sherwood,sherwood
shipley,shipley
shrewsbury-and-atcham,shrewsbury-and-atcham
sittingbourne-and-sheppey,sittingbourne-and-sheppey
skipton-and-ripon,skipton-and-ripon
sleaford-and-north-hykeham,sleaford-and-north-hykeham
slough,slough
solihull,solihull
somerton-and-frome,somerton-and-frome
south-antrim,south-antrim
south-basildon-and-east-thurrock,south-basildon-and-east-thurrock
south-cambridgeshire,south-cambridgeshire
south-derbyshire,south-derbyshire
south-dorset,south-dorset
south-down,south-down
south-east-cambridgeshire,south-east-cambridgeshire
south-east-cornwall,south-east-cornwall
south-holland-and-the-deepings,south-holland-and-the-deepings
south-leicestershire,south-leicestershire
south-norfolk,south-norfolk
south-northamptonshire,south-northamptonshire
south-ribble,south-ribble
south-shields,south-shields
south-staffordshire,south-staffordshire
south-suffolk,south-suffolk
south-swindon,south-swindon
south-thanet,south-thanet
south-west-bedfordshire,south-west-bedfordshire
south-west-devon,south-west-devon
south-west-hertfordshire,south-west-hertfordshire
south-west-norfolk,south-west-norfolk
south-west-surrey,south-west-surrey
south-west-wiltshire,south-west-wiltshire
southampton-itchen,southampton-itchen
southampton-test,southampton-test
southend-west,southend-west
southport,southport
spelthorne,spelthorne
st-albans,st-albans
st-austell-and-newquay,st-austell-and-newquay
st-helens-north,st-helens-north
st-helens-south-and-whiston,st-helens-south-and-whiston
st-ives,st-ives
stafford,stafford
staffordshire-moorlands,staffordshire-moorlands
stalybridge-and-hyde,stalybridge-and-hyde
stevenage,stevenage
stirling,stirling
stockport,stockport
stockton-north,stockton-north
stockton-south,stockton-south
stoke-on-trent-central,stoke-on-trent-central
stoke-on-trent-north,stoke-on-trent-north
stoke-on-trent-south,stoke-on-trent-south
stone,stone
stourbridge,stourbridge
strangford,strangford
stratford-on-avon,stratford-on-avon
streatham,streatham
stretford-and-urmston,stretford-and-urmston
stroud,stroud
suffolk-coastal,suffolk-coastal
sunderland-central,sunderland-central
surrey-heath,surrey-heath
sutton-and-cheam,sutton-and-cheam
sutton-coldfield,sutton-coldfield
swansea-east,swansea-east
swansea-west,swansea-west
tamworth,tamworth
tatton,tatton
taunton-deane,taunton-deane
telford,telford
tewkesbury,tewkesbury
the-cotswolds,the-cotswolds
the-wrekin,the-wrekin
thirsk-and-malton,thirsk-and-malton
thornbury-and-yate,thornbury-and-yate
thurrock,thurrock
tiverton-and-honiton,tiverton-and-honiton
tonbridge-and-malling,tonbridge-and-malling
tooting,tooting
torbay,torbay
torfaen,torfaen
torridge-and-west-devon,torridge-and-west-devon
totnes,totnes
tottenham,tottenham
truro-and-falmouth,truro-and-falmouth
tunbridge-wells,tunbridge-wells
twickenham,twickenham
tynemouth,tynemouth
upper-bann,upper-bann
uxbridge-and-south-ruislip,uxbridge-and-south-ruislip
vale-of-clwyd,vale-of-clwyd
vale-of-glamorgan,vale-of-glamorgan
vauxhall,vauxhall
wakefield,wakefield
wallasey,wallasey
walsall-north,walsall-north
walsall-south,walsall-south
walthamstow,walthamstow
wansbeck,wansbeck
wantage,wantage
warley,warley
warrington-north,warrington-north
warrington-south,warrington-south
warwick-and-leamington,warwick-and-leamington
washington-and-sunderland-west,washington-and-sunderland-west
watford,watford
waveney,waveney
wealden,wealden
weaver-vale,weaver-vale
wellingborough,wellingborough
wells,wells
welwyn-hatfield,welwyn-hatfield
wentworth-and-dearne,wentworth-and-dearne
west-aberdeenshire-and-kincardine,west-aberdeenshire-and-kincardine
west-bromwich-east,west-bromwich-east
west-bromwich-west,west-bromwich-west
west-dorset,west-dorset
west-dunbartonshire,west-dunbartonshire
west-ham,west-ham
west-lancashire,west-lancashire
west-suffolk,west-suffolk
west-tyrone,west-tyrone
west-worcestershire,west-worcestershire
westminster-north,westminster-north
westmorland-and-lonsdale,westmorland-and-lonsdale
weston-super-mare,weston-super-mare
wigan,wigan
wimbledon,wimbledon
winchester,winchester
windsor,windsor
wirral-south,wirral-south
wirral-west,wirral-west
witham,witham
witney,witney
woking,woking
wokingham,wokingham
wolverhampton-north-east,wolverhampton-north-east
wolverhampton-south-east,wolverhampton-south-east
wolverhampton-south-west,wolverhampton-south-west
worcester,worcester
workington,workington
worsley-and-eccles-south,worsley-and-eccles-south
worthing-west,worthing-west
wrexham,wrexham
wycombe,wycombe
wyre-and-preston-north,wyre-and-preston-north
wyre-forest,wyre-forest
wythenshawe-and-sale-east,wythenshawe-and-sale-east
yeovil,yeovil
ynys-mon,ynys-mon
york-central,york-central
york-outer,york-outer
